{
  "ext/controller/ExtractPdf-dbg.js": 1738501270358,
  "manifest.json": 1738543168087,
  "ext/controller/ExtractPdf.js": 1738501270358,
  "ext/view/ViewPdfPage.controller.js": 1738501270358,
  "Component.js": 1738501270358,
  "ext/view/ViewPdfPage-dbg.controller.js": 1738501270358,
  "ext/view/ViewPdfPage.controller.js.map": 1738543168199,
  "i18n/i18n.properties": 1738501270358,
  "ext/controller/ExtractPdf.js.map": 1738543168205,
  "Component-dbg.js": 1738501270358,
  "Component.js.map": 1738543168195,
  "Component-preload.js": 1738543168280,
  "Component-preload.js.map": 1738543168280,
  "ext/view/ViewPdfPage.view.xml": 1738501270358,
  "ext/controller/ExtractPdf.fragment.xml": 1738501270358,
  "css/style.css": 1738501270358,
  "index.html": 1738501270358
}