{
  "ext/view/ViewPdfPage.controller.js": 1742220960531,
  "i18n/i18n.properties": 1742220960531,
  "ext/controller/ExtractPdf.js": 1742220960531,
  "manifest.json": 1742275569428,
  "Component.js": 1742220960531,
  "ext/view/ViewPdfPage-dbg.controller.js": 1742220960531,
  "ext/view/ViewPdfPage.controller.js.map": 1742275569602,
  "ext/controller/ExtractPdf-dbg.js": 1742220960531,
  "ext/controller/ExtractPdf.js.map": 1742275569603,
  "Component-dbg.js": 1742220960531,
  "Component.js.map": 1742275569592,
  "Component-preload.js": 1742275569699,
  "Component-preload.js.map": 1742275569699,
  "ext/view/ViewPdfPage.view.xml": 1742220960531,
  "ext/controller/ExtractPdf.fragment.xml": 1742220960531,
  "css/style.css": 1742220960531,
  "index.html": 1742220960531
}