{
  "ext/controller/ExtractPdf.fragment.xml": 1750523818447,
  "manifest.json": 1750525950172,
  "ext/controller/ExtractPdf.js": 1750523818447,
  "ext/view/ViewPdfPage.controller.js": 1750523818447,
  "Component.js": 1750523818447,
  "ext/view/ViewPdfPage-dbg.controller.js": 1750523818447,
  "ext/view/ViewPdfPage.controller.js.map": 1750525950322,
  "ext/controller/ExtractPdf-dbg.js": 1750523818447,
  "ext/controller/ExtractPdf.js.map": 1750525950329,
  "Component-dbg.js": 1750523818447,
  "Component.js.map": 1750525950324,
  "Component-preload.js": 1750525950413,
  "Component-preload.js.map": 1750525950413,
  "i18n/i18n.properties": 1750523818447,
  "ext/view/ViewPdfPage.view.xml": 1750523818447,
  "css/style.css": 1750523818447,
  "index.html": 1750523818447
}